Year,"Improved water source, rural (% of rural population with access)"
1990,62.08976154
1991,62.94863407
1992,63.82461138
1993,64.59810709
1994,65.62428049
1995,66.51786833
1996,67.46371777
1997,68.41268672
1998,69.34468053
1999,70.29937738
2000,71.23339034
2001,72.1666015
2002,73.09656487
2003,74.02059819
2004,74.91364562
2005,75.79685536
2006,76.70203533
2007,77.58011364
2008,78.5015248
2009,79.40419178
2010,80.26695995
2011,80.72778017
